forward_num,reverse_num,forward_rate,reverse_rate,organism_num,organism_rate
500,500,5.0,5.0,1000,5.0
500,499,5.0,5.0,999,5.0
700,699,5.42857142857143,5.42918454935622,1399,5.4288777698356
1100,1098,5.54545454545455,5.54644808743169,2198,5.5459508644222
1400,1398,5.42857142857143,5.42918454935622,2798,5.4288777698356
2000,1996,5.7,5.70140280561122,3996,5.7007007007007
